case;fromPlace;toPlace;type
1;-23.542238,-46.436435;-23.571924,-46.690373;LO
2;-23.498320,-46.655980;-23.606884,-46.693306;NS
3;-23.529641,-46.438457;-23.648905,-46.703555;LS
4;-23.695285,-46.708019;-23.559256,-46.729138;SO